"name","description","dataTypeName"
"StateAbbr","State abbreviation","text"
"PlaceName","City name","text"
"PlaceFIPS","City FIPS code","text"
"TractFIPS","Tract FIPS code","text"
"Place_TractID","Combined city and census tract FIPS code to form unique ID for join with spatial data","text"
"Population2010","2010 Census population count","number"
"ACCESS2_CrudePrev","Model-based estimate for crude prevalence of current lack of health insurance among adults aged 18-64 years, 2017","number"
"ACCESS2_Crude95CI","Estimated confidence interval for crude prevalence of current lack of health insurance among adults aged 18 - 64 years","text"
"ARTHRITIS_CrudePrev","Model-based estimate for crude prevalence of arthritis among adults aged >=18 years, 2017","number"
"ARTHRITIS_Crude95CI","Estimated confidence interval for crude prevalence of arthritis among adults aged ≥18 years","text"
"BINGE_CrudePrev","Model-based estimate for crude prevalence of binge drinking among adults aged >=18 years, 2017","number"
"BINGE_Crude95CI","Estimated confidence interval for crude prevalence of binge drinking among adults aged >=18 years","text"
"BPHIGH_CrudePrev","Model-based estimate for crude prevalence of high blood pressure among adults aged >=18 years, 2017","number"
"BPHIGH_Crude95CI","Estimated confidence interval for crude prevalence of high blood pressure among adults aged >=18 years","text"
"BPMED_CrudePrev","Model-based estimate for crude prevalence of taking medicine for high blood pressure control among adults aged >=18 years with high blood pressure, 2017","number"
"BPMED_Crude95CI","Estimated confidence interval for crude prevalence of taking medicine for high blood pressure control among adults aged >=18 years with high blood pressure","text"
"CANCER_CrudePrev","Model-based estimate for crude prevalence of cancer (excluding skin cancer) among adults aged >=18 years, 2017","number"
"CANCER_Crude95CI","Estimated confidence interval for crude prevalence of cancer (excluding skin cancer) among adults aged >=18 years","text"
"CASTHMA_CrudePrev","Model-based estimate for crude prevalence of current asthma among adults aged >=18 years, 2017","number"
"CASTHMA_Crude95CI","Estimated confidence interval for crude prevalence of current asthma among adults aged >=18 years","text"
"CHD_CrudePrev","Model-based estimate for crude prevalence of coronary heart disease among adults aged >=18 years, 2017","number"
"CHD_Crude95CI","Estimated confidence interval for crude prevalence of coronary heart disease among adults aged >=18 years","text"
"CHECKUP_CrudePrev","Model-based estimate for crude prevalence of visits to doctor for routine checkup within the past year among adults aged >=18 years, 2017","number"
"CHECKUP_Crude95CI","Estimated confidence interval for crude prevalence of visits to doctor for routine checkup within the past year among adults aged >=18 years","text"
"CHOLSCREEN_CrudePrev","Model-based estimate for crude prevalence of cholesterol screening among adults aged >=18 years, 2017","number"
"CHOLSCREEN_Crude95CI","Estimated confidence interval for crude prevalence of cholesterol screening among adults aged >=18 years","text"
"COLON_SCREEN_CrudePrev","Model-based estimate for crude prevalence of fecal occult blood test, sigmoidoscopy, or colonoscopy among adults aged 50–75 years, 2016","number"
"COLON_SCREEN_Crude95CI","Estimated confidence interval for crude prevalence of fecal occult blood test, sigmoidoscopy, or colonoscopy among adults aged 50–75 years","text"
"COPD_CrudePrev","Model-based estimate for crude prevalence of chronic obstructive pulmonary disease among adults aged >=18 years, 2017","number"
"COPD_Crude95CI","Estimated confidence interval for crude prevalence of chronic obstructive pulmonary disease among adults aged >=18 years","text"
"COREM_CrudePrev","Model-based estimate for crude prevalence of older adult men aged >=65 years who are up to date on a core set of clinical preventive services: Flu shot past year, PPV shot ever, Colorectal cancer screening, 2016","number"
"COREM_Crude95CI","Estimated confidence interval for crude prevalence of older adult men aged >=65 years who are up to date on a core set of clinical preventive services: Flu shot past year, PPV shot ever, Colorectal cancer screening","text"
"COREW_CrudePrev","Model-based estimate for crude prevalence of older adult women aged >=65 years who are up to date on a core set of clinical preventive services: Flu shot past year, PPV shot ever, Colorectal cancer screening, and Mammogram past 2 years, 2016","number"
"COREW_Crude95CI","Estimated confidence interval for crude prevalence of older adult women aged >=65 years who are up to date on a core set of clinical preventive services: Flu shot past year, PPV shot ever, Colorectal cancer screening, and Mammogram past 2 years","text"
"CSMOKING_CrudePrev","Model-based estimate for crude prevalence of current smoking among adults aged >=18 years, 2017","number"
"CSMOKING_Crude95CI","Estimated confidence interval for crude prevalence of current smoking among adults aged >=18 years","text"
"DENTAL_CrudePrev","Model-based estimate for crude prevalence of visits to dentist or dental clinic among adults aged >=18 years, 2016","number"
"DENTAL_Crude95CI","Estimated confidence interval for crude prevalence of visits to dentist or dental clinic among adults aged >=18 years","text"
"DIABETES_CrudePrev","Model-based estimate for crude prevalence of diagnosed diabetes among adults aged >=18 years, 2017","number"
"DIABETES_Crude95CI","Estimated confidence interval for crude prevalence of diagnosed diabetes among adults aged >=18 years","text"
"HIGHCHOL_CrudePrev","Model-based estimate for crude prevalence of high cholesterol among adults aged >=18 years who have been screened in the past 5 years, 2017","number"
"HIGHCHOL_Crude95CI","Estimated confidence interval for crude prevalence of high cholesterol among adults aged >=18 years who have been screened in the past 5 years","text"
"KIDNEY_CrudePrev","Model-based estimate for crude prevalence of chronic kidney disease among adults aged >=18 years, 2017","number"
"KIDNEY_Crude95CI","Estimated confidence interval for crude prevalence of chronic kidney disease among adults aged >=18 years","text"
"LPA_CrudePrev","Model-based estimate for crude prevalence of no leisure-time physical activity among adults aged >=18 years, 2017","number"
"LPA_Crude95CI","Estimated confidence interval for crude prevalence of no leisure-time physical activity among adults aged >=18 years","text"
"MAMMOUSE_CrudePrev","Model-based estimate for crude prevalence of mammography use among women aged 50–74 years, 2016","number"
"MAMMOUSE_Crude95CI","Estimated confidence interval for crude prevalence of mammography use among women aged 50–74 years","text"
"MHLTH_CrudePrev","Model-based estimate for crude prevalence of mental health not good for >=14 days among adults aged >=18 years, 2017","number"
"MHLTH_Crude95CI","Estimated confidence interval for crude prevalence of mental health not good for >=14 days among adults aged >=18 years","text"
"OBESITY_CrudePrev","Model-based estimate for crude prevalence of obesity among adults aged >=18 years, 2017","number"
"OBESITY_Crude95CI","Estimated confidence interval for crude prevalence of obesity among adults aged >=18 years","text"
"PAPTEST_CrudePrev","Model-based estimate for crude prevalence of papanicolaou smear use among adult women aged 21–65 years, 2016","number"
"PAPTEST_Crude95CI","Estimated confidence interval for crude prevalence of papanicolaou smear use among adult women aged 21–65 years","text"
"PHLTH_CrudePrev","Model-based estimate for crude prevalence of physical health not good for >=14 days among adults aged >=18 years, 2017","number"
"PHLTH_Crude95CI","Estimated confidence interval for crude prevalence of physical health not good for >=14 days among adults aged >=18 years","text"
"SLEEP_CrudePrev","Model-based estimate for crude prevalence of sleeping less than 7 hours among adults aged >=18 years, 2016","number"
"SLEEP_Crude95CI","Estimated confidence interval for crude prevalence of sleeping less than 7 hours among adults aged >=18 years","text"
"STROKE_CrudePrev","Model-based estimate for crude prevalence of stroke among adults aged >=18 years, 2017","number"
"STROKE_Crude95CI","Estimated confidence interval for crude prevalence of stroke among adults aged >=18 years","text"
"TEETHLOST_CrudePrev","Model-based estimate for crude prevalence of all teeth lost among adults aged >=65 years, 2016","number"
"TEETHLOST_Crude95CI","Estimated confidence interval for crude prevalence of all teeth lost among adults aged >=65 years","text"
"Geolocation","Latitude, longitude of census tract centroid","text"
